{"cameraMode":{"drawMode":0,"name":"Shaded","section":"Shading Mode"},"sceneLighting":true,"audioPlay":false,"sceneViewState":{"showFog":true,"showMaterialUpdate":false,"showSkybox":true,"showFlares":true,"showImageEffects":true,"showParticleSystems":true},"in2DMode":false,"pivot":{"x":-24.698835372924806,"y":-3.5769882202148439,"z":-13.871347427368164},"rotation":{"x":-0.4715901017189026,"y":0.1273069679737091,"z":-0.06932193785905838,"w":-0.8699017763137817},"size":37.35934829711914,"orthographic":false}